<assembly xmlns="http://maven.apache.org/plugins/maven-assembly-plugin/assembly/1.1.1"
  xmlns:xsi="http://www.w3.org/2001/XMLSchema-instance"
  xsi:schemaLocation="http://maven.apache.org/plugins/maven-assembly-plugin/assembly/1.1.1 http://maven.apache.org/xsd/assembly-1.1.1.xsd">
  <id>doc</id>
  <includeBaseDirectory>false</includeBaseDirectory>
  <formats>
    <format>zip</format>
  </formats>

  <fileSets>
    <fileSet>
      <directory>../site/target/site/sphinx/</directory>
      <includes>
        <include>**/*</include>
      </includes>
      <outputDirectory>/</outputDirectory>
    </fileSet>
  </fileSets>
</assembly>